-- phpMyAdmin SQL Dump
-- version 5.2.1
-- https://www.phpmyadmin.net/
--
-- Host: 127.0.0.1
-- Generation Time: Sep 12, 2025 at 05:41 AM
-- Server version: 10.4.32-MariaDB
-- PHP Version: 8.0.30

SET SQL_MODE = "NO_AUTO_VALUE_ON_ZERO";
START TRANSACTION;
SET time_zone = "+00:00";


/*!40101 SET @OLD_CHARACTER_SET_CLIENT=@@CHARACTER_SET_CLIENT */;
/*!40101 SET @OLD_CHARACTER_SET_RESULTS=@@CHARACTER_SET_RESULTS */;
/*!40101 SET @OLD_COLLATION_CONNECTION=@@COLLATION_CONNECTION */;
/*!40101 SET NAMES utf8mb4 */;

--
-- Database: `final`
--

-- --------------------------------------------------------

--
-- Table structure for table `carrito`
--

CREATE TABLE `carrito` (
  `id` int(11) NOT NULL,
  `usuario_id` int(11) DEFAULT NULL,
  `libro_id` int(11) DEFAULT NULL,
  `fecha_agregado` datetime DEFAULT current_timestamp()
) ENGINE=InnoDB DEFAULT CHARSET=utf8mb4 COLLATE=utf8mb4_general_ci;

--
-- Dumping data for table `carrito`
--

INSERT INTO `carrito` (`id`, `usuario_id`, `libro_id`, `fecha_agregado`) VALUES
(35, 21, 29, '2025-09-11 18:05:09');

-- --------------------------------------------------------

--
-- Table structure for table `categorias`
--

CREATE TABLE `categorias` (
  `id` int(11) NOT NULL,
  `nombre` varchar(100) DEFAULT NULL,
  `descripcion` text DEFAULT NULL,
  `icono` varchar(10) DEFAULT NULL,
  `imagen` varchar(255) DEFAULT NULL,
  `slug` varchar(100) DEFAULT NULL
) ENGINE=InnoDB DEFAULT CHARSET=utf8mb4 COLLATE=utf8mb4_general_ci;

-- --------------------------------------------------------

--
-- Table structure for table `comentarios_evento`
--

CREATE TABLE `comentarios_evento` (
  `id` int(11) NOT NULL,
  `id_evento` int(11) DEFAULT NULL,
  `id_usuario` int(11) DEFAULT NULL,
  `comentario` text DEFAULT NULL,
  `fecha` datetime DEFAULT current_timestamp()
) ENGINE=InnoDB DEFAULT CHARSET=utf8mb4 COLLATE=utf8mb4_general_ci;

-- --------------------------------------------------------

--
-- Table structure for table `compras`
--

CREATE TABLE `compras` (
  `id` int(11) NOT NULL,
  `usuario_id` int(11) DEFAULT NULL,
  `libro_id` int(11) DEFAULT NULL,
  `fecha` datetime DEFAULT current_timestamp()
) ENGINE=InnoDB DEFAULT CHARSET=utf8mb4 COLLATE=utf8mb4_general_ci;

-- --------------------------------------------------------

--
-- Table structure for table `config_usuario`
--

CREATE TABLE `config_usuario` (
  `id` int(11) NOT NULL,
  `id_usuario` int(11) NOT NULL,
  `tema` varchar(20) DEFAULT 'claro',
  `color_acento` varchar(20) DEFAULT 'morado',
  `vista_libros` varchar(10) DEFAULT 'grid',
  `notificaciones` tinyint(1) DEFAULT 1
) ENGINE=InnoDB DEFAULT CHARSET=utf8mb4 COLLATE=utf8mb4_general_ci;

-- --------------------------------------------------------

--
-- Table structure for table `eventos`
--

CREATE TABLE `eventos` (
  `id` int(11) NOT NULL,
  `titulo` varchar(255) NOT NULL,
  `descripcion` text DEFAULT NULL,
  `fecha_creacion` datetime DEFAULT current_timestamp(),
  `creado_por` int(11) DEFAULT NULL,
  `activo` tinyint(1) DEFAULT 1
) ENGINE=InnoDB DEFAULT CHARSET=utf8mb4 COLLATE=utf8mb4_general_ci;

--
-- Dumping data for table `eventos`
--

INSERT INTO `eventos` (`id`, `titulo`, `descripcion`, `fecha_creacion`, `creado_por`, `activo`) VALUES
(4, '쮾arc칤a M치rquez arruin칩 la literatura colombiana? El peso de la sombra del Nobel', 'Hablemos sin tapujos de algo que muchos piensan pero pocos se atreven a decir: 쮾abriel Garc칤a M치rquez se convirti칩 en una carga para las nuevas generaciones de escritores colombianos?\r\nDesde que gan칩 el Nobel en 1982, parece que todo escritor colombiano debe ser comparado obligatoriamente con el maestro de Aracataca. Los editores internacionales buscan \"el nuevo Garc칤a M치rquez\", los cr칤ticos esperan realismo m치gico en cada p치rrafo, y los lectores extranjeros se decepcionan cuando leen a un colombiano que no habla de mariposas amarillas o lluvia de cuatro a침os.\r\n쯉er치 que autores como Juan Gabriel V치squez, Pilar Quintana, o Mario Mendoza han tenido que luchar contra el fantasma de Macondo para ser reconocidos por m칠rito propio? 쯆 ser치 que Garc칤a M치rquez abri칩 las puertas para que el mundo finalmente prestara atenci칩n a lo que siempre hemos sabido: que aqu칤 se escribe literatura de primer nivel?\r\nPensemos en casos espec칤ficos: cuando Fernando Vallejo gan칩 el R칩mulo Gallegos, muchos dijeron que era \"anti-Garc칤a M치rquez\" por su realismo crudo. Cuando Laura Restrepo escribe sobre violencia urbana, la critican por no tener la \"magia\" del maestro. 쮼s justo este eterno juego de comparaciones?\r\nY aqu칤 va la pregunta que realmente duele: 쯖u치ntos escritores colombianos talentosos han sido ignorados porque no encajan en el molde del \"realismo m치gico\"? 쮺u치ntos han forzado elementos fant치sticos en sus historias solo para ser tomados en serio internacionalmente?\r\nPor otro lado, 쯡o ser치 que estamos siendo malagradecidos? Garc칤a M치rquez puso a Colombia en el mapa literario mundial. Antes de \"Cien a침os de soledad\", 쯤ui칠n conoc칤a a nuestros escritores fuera del continente? 쯅o deber칤amos estar eternamente agradecidos en lugar de quejarnos?\r\n쯈u칠 opinas? 쮾arc칤a M치rquez es una bendici칩n o una maldici칩n para la literatura colombiana actual?', '2025-09-11 19:33:23', 20, 1),
(5, 'Los bestsellers est치n matando la literatura: 쯇or qu칠 50 Sombras de Grey vende m치s que Borges?', 'Aqu칤 va una verdad inc칩moda que necesitamos discutir: mientras Jorge Luis Borges, considerado uno de los escritores m치s brillantes del siglo XX, vend칤a miles de ejemplares, E.L. James vendi칩 m치s de 125 millones de copias de \"50 Sombras de Grey\" en todo el mundo.\r\n쯈u칠 est치 pasando con el mundo? 쮿emos perdido la capacidad de apreciar la verdadera literatura? 쯆 ser치 que los escritores \"serios\" se han vuelto tan pretenciosos y elitistas que han perdido la conexi칩n con los lectores reales?\r\nPensemos en esto: Dan Brown, con \"El C칩digo Da Vinci\", vendi칩 m치s de 80 millones de copias. Mientras tanto, obras maestras como \"Pedro P치ramo\" de Juan Rulfo o \"Rayuela\" de Cort치zar apenas si llegan a unos pocos millones en d칠cadas de existencia. 쮼s culpa del p칰blico \"inculto\" o es culpa de un sistema educativo que presenta la literatura cl치sica como una medicina amarga que hay que tragar?\r\nPero espera, aqu칤 viene el plot twist: 쯫 si los bestsellers realmente est치n cumpliendo una funci칩n importante? 쯏 si libros como \"Harry Potter\" est치n creando una generaci칩n de lectores que despu칠s pueden evolucionar hacia literatura m치s compleja? J.K. Rowling logr칩 que millones de ni침os se emocionaran leyendo libros de 700 p치ginas. 쮼so no merece respeto?\r\nY hablemos de los g칠neros \"menores\": 쯣or qu칠 una novela rom치ntica se considera menos literatura que una novela experimental? 쯇or qu칠 un thriller bien construido vale menos que una novela existencial aburrida? Stephen King ha vendido m치s de 350 millones de libros y ha creado obras que han definido la cultura popular. 쯅o es eso tambi칠n literatura v치lida?\r\nAqu칤 est치 la pregunta que realmente incomoda: 쯥er치 que nosotros, los \"amantes de la literatura seria\", somos unos snobs pretenciosos que despreciamos todo lo que le gusta a las masas? 쯆 realmente existe una diferencia cualitativa objetiva entre \"literatura\" y \"entretenimiento\"?\r\n쯏 si el problema no son los bestsellers, sino que la educaci칩n literaria est치 fallando en mostrar por qu칠 los cl치sicos siguen siendo relevantes?\r\n쯊칰 qu칠 piensas? 쯃os bestsellers son el enemigo de la buena literatura o son la puerta de entrada hacia ella?', '2025-09-11 19:34:02', 20, 1),
(6, '쮼xiste realmente la \'literatura femenina\'? El machismo oculto en las estanter칤as', 'Vamos a tocar un tema que genera chispas: 쯣or qu칠 cuando una mujer escribe sobre relaciones y emociones es \"literatura femenina\", pero cuando lo hace un hombre es simplemente \"literatura\"?\r\nPensemos en esto: a Jane Austen la etiquetaron durante siglos como escritora de \"novelitas rom치nticas para se침oritas\", hasta que los cr칤ticos (la mayor칤a hombres) finalmente admitieron que era una genio de la s치tira social. A Virginia Woolf la llamaban \"neur칩tica\" cuando exploraba la psicolog칤a humana, mientras que James Joyce era \"innovador\" por hacer lo mismo.\r\nY aqu칤 en Am칠rica Latina no estamos mejor: a Isabel Allende la critican por ser \"demasiado sentimental\" (쯔caso Garc칤a M치rquez no era sentimental?), a Laura Esquivel la encasillaron como \"escritora de cocina\" por \"Como agua para chocolate\", y a Gioconda Belli la reducen a \"poeta er칩tica\" ignorando su obra pol칤tica.\r\nPero el machismo literario va m치s profundo. 쯉ab칤an que las librer칤as tienen secciones de \"literatura femenina\" pero no de \"literatura masculina\"? 쯇or qu칠 los libros escritos por hombres se consideran \"universales\" y los escritos por mujeres son \"nicho\"?\r\nHablemos de n칰meros reales: las mujeres compran aproximadamente el 68% de todos los libros, pero solo el 32% de las rese침as en medios prestigiosos son sobre libros escritos por mujeres. 쮺oincidencia? Lo dudo.\r\nY aqu칤 viene la pregunta inc칩moda: 쯖u치ntos hombres han le칤do \"Mujeres que corren con lobos\", \"Eat, Pray, Love\" o \"El cuento de la criada\" y los han descartado como \"cosas de mujeres\" sin siquiera darles una oportunidad? 쮺u치ntas obras maestras nos estamos perdiendo por prejuicios de g칠nero?\r\nPero tambi칠n hay que voltear la moneda: 쯥er치 que realmente existe una sensibilidad femenina diferente en la escritura? 쯆 es que las mujeres han tenido que desarrollar formas distintas de narrar porque hist칩ricamente han sido silenciadas?\r\nY aqu칤 va la pregunta que m치s me intriga: 쯣or qu칠 cuando una mujer escribe ciencia ficci칩n o thriller tiene que demostrar el doble que un hombre para ser tomada en serio, pero cuando escribe romance se le dice que \"se conform칩 con un g칠nero f치cil\"?\r\n쯈u칠 opinan? 쮼l mundo literario sigue siendo machista o ya hemos superado esas barreras?', '2025-09-11 19:34:28', 20, 1),
(7, 'Los cl치sicos est치n sobrevalorados: 쯇or qu칠 seguimos leyendo libros de hace 200 a침os?', 'TEMAS DE DEBATE LITERARIO - ROMPE HIELOS\r\n1. LITERATURA COLOMBIANA - TEMA EXPLOSIVO\r\nT칤tulo: \"쮾arc칤a M치rquez arruin칩 la literatura colombiana? El peso de la sombra del Nobel\"\r\nDescripci칩n:\r\nHablemos sin tapujos de algo que muchos piensan pero pocos se atreven a decir: 쮾abriel Garc칤a M치rquez se convirti칩 en una carga para las nuevas generaciones de escritores colombianos?\r\nDesde que gan칩 el Nobel en 1982, parece que todo escritor colombiano debe ser comparado obligatoriamente con el maestro de Aracataca. Los editores internacionales buscan \"el nuevo Garc칤a M치rquez\", los cr칤ticos esperan realismo m치gico en cada p치rrafo, y los lectores extranjeros se decepcionan cuando leen a un colombiano que no habla de mariposas amarillas o lluvia de cuatro a침os.\r\n쯉er치 que autores como Juan Gabriel V치squez, Pilar Quintana, o Mario Mendoza han tenido que luchar contra el fantasma de Macondo para ser reconocidos por m칠rito propio? 쯆 ser치 que Garc칤a M치rquez abri칩 las puertas para que el mundo finalmente prestara atenci칩n a lo que siempre hemos sabido: que aqu칤 se escribe literatura de primer nivel?\r\nPensemos en casos espec칤ficos: cuando Fernando Vallejo gan칩 el R칩mulo Gallegos, muchos dijeron que era \"anti-Garc칤a M치rquez\" por su realismo crudo. Cuando Laura Restrepo escribe sobre violencia urbana, la critican por no tener la \"magia\" del maestro. 쮼s justo este eterno juego de comparaciones?\r\nY aqu칤 va la pregunta que realmente duele: 쯖u치ntos escritores colombianos talentosos han sido ignorados porque no encajan en el molde del \"realismo m치gico\"? 쮺u치ntos han forzado elementos fant치sticos en sus historias solo para ser tomados en serio internacionalmente?\r\nPor otro lado, 쯡o ser치 que estamos siendo malagradecidos? Garc칤a M치rquez puso a Colombia en el mapa literario mundial. Antes de \"Cien a침os de soledad\", 쯤ui칠n conoc칤a a nuestros escritores fuera del continente? 쯅o deber칤amos estar eternamente agradecidos en lugar de quejarnos?\r\n쯈u칠 opinas? 쮾arc칤a M치rquez es una bendici칩n o una maldici칩n para la literatura colombiana actual?\r\n\r\n2. DEBATE INTERNACIONAL POL칄MICO\r\nT칤tulo: \"Los bestsellers est치n matando la literatura: 쯇or qu칠 50 Sombras de Grey vende m치s que Borges?\"\r\nDescripci칩n:\r\nAqu칤 va una verdad inc칩moda que necesitamos discutir: mientras Jorge Luis Borges, considerado uno de los escritores m치s brillantes del siglo XX, vend칤a miles de ejemplares, E.L. James vendi칩 m치s de 125 millones de copias de \"50 Sombras de Grey\" en todo el mundo.\r\n쯈u칠 est치 pasando con el mundo? 쮿emos perdido la capacidad de apreciar la verdadera literatura? 쯆 ser치 que los escritores \"serios\" se han vuelto tan pretenciosos y elitistas que han perdido la conexi칩n con los lectores reales?\r\nPensemos en esto: Dan Brown, con \"El C칩digo Da Vinci\", vendi칩 m치s de 80 millones de copias. Mientras tanto, obras maestras como \"Pedro P치ramo\" de Juan Rulfo o \"Rayuela\" de Cort치zar apenas si llegan a unos pocos millones en d칠cadas de existencia. 쮼s culpa del p칰blico \"inculto\" o es culpa de un sistema educativo que presenta la literatura cl치sica como una medicina amarga que hay que tragar?\r\nPero espera, aqu칤 viene el plot twist: 쯫 si los bestsellers realmente est치n cumpliendo una funci칩n importante? 쯏 si libros como \"Harry Potter\" est치n creando una generaci칩n de lectores que despu칠s pueden evolucionar hacia literatura m치s compleja? J.K. Rowling logr칩 que millones de ni침os se emocionaran leyendo libros de 700 p치ginas. 쮼so no merece respeto?\r\nY hablemos de los g칠neros \"menores\": 쯣or qu칠 una novela rom치ntica se considera menos literatura que una novela experimental? 쯇or qu칠 un thriller bien construido vale menos que una novela existencial aburrida? Stephen King ha vendido m치s de 350 millones de libros y ha creado obras que han definido la cultura popular. 쯅o es eso tambi칠n literatura v치lida?\r\nAqu칤 est치 la pregunta que realmente incomoda: 쯥er치 que nosotros, los \"amantes de la literatura seria\", somos unos snobs pretenciosos que despreciamos todo lo que le gusta a las masas? 쯆 realmente existe una diferencia cualitativa objetiva entre \"literatura\" y \"entretenimiento\"?\r\n쯏 si el problema no son los bestsellers, sino que la educaci칩n literaria est치 fallando en mostrar por qu칠 los cl치sicos siguen siendo relevantes?\r\n쯊칰 qu칠 piensas? 쯃os bestsellers son el enemigo de la buena literatura o son la puerta de entrada hacia ella?\r\n\r\n3. G칄NERO Y LITERATURA - TEMA CANDENTE\r\nT칤tulo: \"쮼xiste realmente la \'literatura femenina\'? El machismo oculto en las estanter칤as\"\r\nDescripci칩n:\r\nVamos a tocar un tema que genera chispas: 쯣or qu칠 cuando una mujer escribe sobre relaciones y emociones es \"literatura femenina\", pero cuando lo hace un hombre es simplemente \"literatura\"?\r\nPensemos en esto: a Jane Austen la etiquetaron durante siglos como escritora de \"novelitas rom치nticas para se침oritas\", hasta que los cr칤ticos (la mayor칤a hombres) finalmente admitieron que era una genio de la s치tira social. A Virginia Woolf la llamaban \"neur칩tica\" cuando exploraba la psicolog칤a humana, mientras que James Joyce era \"innovador\" por hacer lo mismo.\r\nY aqu칤 en Am칠rica Latina no estamos mejor: a Isabel Allende la critican por ser \"demasiado sentimental\" (쯔caso Garc칤a M치rquez no era sentimental?), a Laura Esquivel la encasillaron como \"escritora de cocina\" por \"Como agua para chocolate\", y a Gioconda Belli la reducen a \"poeta er칩tica\" ignorando su obra pol칤tica.\r\nPero el machismo literario va m치s profundo. 쯉ab칤an que las librer칤as tienen secciones de \"literatura femenina\" pero no de \"literatura masculina\"? 쯇or qu칠 los libros escritos por hombres se consideran \"universales\" y los escritos por mujeres son \"nicho\"?\r\nHablemos de n칰meros reales: las mujeres compran aproximadamente el 68% de todos los libros, pero solo el 32% de las rese침as en medios prestigiosos son sobre libros escritos por mujeres. 쮺oincidencia? Lo dudo.\r\nY aqu칤 viene la pregunta inc칩moda: 쯖u치ntos hombres han le칤do \"Mujeres que corren con lobos\", \"Eat, Pray, Love\" o \"El cuento de la criada\" y los han descartado como \"cosas de mujeres\" sin siquiera darles una oportunidad? 쮺u치ntas obras maestras nos estamos perdiendo por prejuicios de g칠nero?\r\nPero tambi칠n hay que voltear la moneda: 쯥er치 que realmente existe una sensibilidad femenina diferente en la escritura? 쯆 es que las mujeres han tenido que desarrollar formas distintas de narrar porque hist칩ricamente han sido silenciadas?\r\nY aqu칤 va la pregunta que m치s me intriga: 쯣or qu칠 cuando una mujer escribe ciencia ficci칩n o thriller tiene que demostrar el doble que un hombre para ser tomada en serio, pero cuando escribe romance se le dice que \"se conform칩 con un g칠nero f치cil\"?\r\n쯈u칠 opinan? 쮼l mundo literario sigue siendo machista o ya hemos superado esas barreras?\r\n\r\n4. LITERATURA CL츼SICA VS. CONTEMPOR츼NEA\r\nT칤tulo: \"Los cl치sicos est치n sobrevalorados: 쯇or qu칠 seguimos leyendo libros de hace 200 a침os?\"\r\nDescripci칩n:\r\nAqu칤 va una confesi칩n que va a molestar a muchos: me parece absurdo que en pleno 2025 sigamos obligando a los estudiantes a leer \"Don Quijote\" o \"La Divina Comedia\" cuando hay escritores contempor치neos creando obras igual de brillantes pero infinitamente m치s relevantes para nuestra 칠poca.\r\n쮼n serio creen que Cervantes tiene m치s que decirnos sobre la condici칩n humana que Chimamanda Ngozi Adichie o Haruki Murakami? 쯇or qu칠 Shakespeare sigue siendo \"obligatorio\" en las escuelas cuando tenemos dramaturgos actuales que abordan los mismos temas universales pero con lenguaje y contextos que realmente conectan con las nuevas generaciones?\r\nPensemos en esto objetivamente: \"Cien a침os de soledad\" se public칩 en 1967 y ya se considera un \"cl치sico moderno\". Pero libros como \"Americanah\" de Adichie (2013) o \"La brevedad de la vida\" de Sara Mesa (2017) tratan temas de identidad, migraci칩n y alienaci칩n que son mil veces m치s relevantes para alguien de 20 a침os en 2025 que las aventuras de un hidalgo loco del siglo XVII.\r\nY no me malentiendan: no estoy diciendo que los cl치sicos sean malos. Estoy cuestionando esta veneraci칩n ciega que nos impide reconocer que tal vez, solo tal vez, algunos de esos libros se mantienen en el canon m치s por inercia acad칠mica que por m칠rito real.\r\n쮺u치ntos de ustedes leyeron \"Madame Bovary\" en el colegio y lo odiaron, pero despu칠s leyeron \"Estrella distante\" de Roberto Bola침o y se enamoraron de la literatura? 쮺u치ntos se aburrieron con \"Los Miserables\" pero se devoraron \"Los detectives salvajes\"?\r\nAqu칤 va la pregunta realmente provocadora: 쯫 si el problema no es que los j칩venes \"no saben leer literatura seria\", sino que les estamos dando libros que ya no hablan su idioma emocional?\r\nPero ojo, que aqu칤 viene el contraargumento: 쯡o ser치 que precisamente por leer los cl치sicos podemos entender mejor la literatura contempor치nea? 쯅o ser치 que esos libros \"viejos\" nos dan las herramientas para apreciar la innovaci칩n de los escritores actuales?\r\nY la pregunta final que los va a hacer pensar: si dentro de 200 a침os alguien dijera \"쯣ara qu칠 leer a Bola침o o a Elena Poniatowska si ya tenemos escritores del siglo XXIII?\", 쯤u칠 les responder칤an?\r\n쯃os cl치sicos merecen su estatus o es hora de refrescar el canon literario?', '2025-09-11 19:34:55', 20, 1),
(8, '쮹ookTok est치 salvando o destruyendo la literatura? El debate que divide a los lectores', 'Admit치moslo: BookTok ha vendido m치s libros en 3 a침os que todos los suplementos culturales juntos en una d칠cada. Pero 쯔 qu칠 precio? 쮼stamos ante una revoluci칩n democr치tica de la lectura o ante la degradaci칩n definitiva del criterio literario?\r\nLos n칰meros son impresionantes: videos de 15 segundos sobre \"Culpa m칤a\" han generado millones de visualizaciones y han convertido a autores desconocidos en bestsellers internacionales. Mientras tanto, rese침as acad칠micas de 3000 palabras sobre novelas galardonadas apenas consiguen 50 lecturas.\r\n쯇ero qu칠 est치 pasando realmente? 쮹ookTok est치 creando una generaci칩n de lectores superficiales que solo buscan romances t칩xicos y finales felices, o est치 derribando las barreras elitistas que siempre han separado la \"buena literatura\" del p칰blico general?\r\nPensemos en casos concretos: \"Los siete maridos de Evelyn Hugo\" se volvi칩 un fen칩meno gracias a TikTok, y resulta que es una novela inteligente sobre fama, identidad sexual y manipulaci칩n medi치tica. \"El atlas de las nubes\" resurgi칩 en ventas despu칠s de que BookTokers empezaran a recomendarlo. 쯅o ser치 que estos j칩venes tienen mejor criterio del que les damos cr칠dito?\r\nPero tambi칠n est치 el lado oscuro: la presi칩n por crear contenido \"aesthetic\" est치 haciendo que los libros se eval칰en m치s por su portada que por su contenido. Hay algoritmos que priorizan libros con covers \"bonitas\" y historias \"romantizables\". 쮼stamos reduciendo la literatura a mera decoraci칩n?\r\nY aqu칤 viene lo que realmente me preocupa: 쯤u칠 pasa cuando la velocidad de consumo de TikTok se aplica a la lectura? Estoy viendo rese침as de libros de 400 p치ginas hechas por personas que claramente solo leyeron las primeras 50. 쮼s eso rese침ar o es postureo digital?\r\nPero ojo con ser muy cr칤ticos: 쯡o ser치 que nosotros, los lectores \"tradicionales\", estamos siendo prejuiciosos? Cuando yo ten칤a 15 a침os, le칤a a Paulo Coelho y lo consideraba el mejor escritor del mundo. 쯅o ser치 que BookTok es simplemente la puerta de entrada de esta generaci칩n?\r\nLa pregunta que realmente me mantiene despierto: si BookTok logra que un mill칩n de adolescentes lean \"Crep칰sculo\" y de ah칤 el 10% pasa a leer \"Dr치cula\", y de ese 10% el 1% termina leyendo \"Frankenstein\", 쯡o habr치 valido la pena?\r\n쮹ookTok es el futuro de la promoci칩n literaria o el apocalipsis de la cultura?', '2025-09-11 19:35:23', 20, 1),
(9, '쯇uede existir literatura apol칤tica? El falso mito de la neutralidad art칤stica', 'Aqu칤 va una verdad que incomoda a muchos: no existe tal cosa como literatura \"apol칤tica\". Cada libro que escribes, cada personaje que creas, cada historia que cuentas es una declaraci칩n pol칤tica, te des cuenta o no.\r\nCuando J.K. Rowling dice que Dumbledore es gay pero no lo incluye expl칤citamente en los libros, esa es una decisi칩n pol칤tica. Cuando Garc칤a M치rquez escribe sobre dictadores latinoamericanos, obviamente es pol칤tica. Pero cuando Jane Austen escribe sobre mujeres que necesitan casarse para sobrevivir econ칩micamente, 쯣or qu칠 algunos dicen que \"no es pol칤tica\"?\r\nLa literatura siempre ha sido pol칤tica, desde \"La Il칤ada\" (una historia sobre guerra e imperialismo) hasta \"1984\" (obvio). Pero hay un patr칩n sospechoso: cuando un escritor hombre, blanco, heterosexual escribe sobre \"temas universales\", se considera arte puro. Cuando una mujer, una persona racializada, o alguien LGBTI+ escribe sobre su experiencia, se considera \"literatura de agenda\".\r\nHablemos de casos concretos: 쯣or qu칠 \"El gran Gatsby\" se ense침a como una obra maestra sobre el sue침o americano, pero \"Beloved\" de Toni Morrison se ve como \"literatura sobre esclavitud\"? Ambas son profundamente pol칤ticas, pero solo una se etiqueta as칤.\r\nY en Colombia tenemos ejemplos clar칤simos: cuando Fernando Vallejo critica la violencia y la corrupci칩n, es \"literatura pol칤tica\". Cuando Garc칤a M치rquez habla de la United Fruit Company en \"Cien a침os de soledad\", es \"realismo m치gico\". 쮻oble est치ndar, no?\r\nPero aqu칤 viene la pregunta inc칩moda: 쯥er치 que los lectores usamos la etiqueta \"pol칤tico\" para descartar libros que nos confrontan con realidades que no queremos enfrentar? Cuando alguien dice \"no me gusta la literatura pol칤tica\", realmente est치 diciendo \"no me gusta que me hagan pensar en problemas sociales\"?\r\nY del otro lado: 쯛ay escritores que sacrifican calidad literaria por mensaje pol칤tico? 쮺u치ntas novelas \"comprometidas\" son aburridas porque el autor prioriza el serm칩n sobre la historia?\r\nLa pregunta que realmente me fascina: si todo es pol칤tico, 쯣or qu칠 fingimos que no? 쯅o ser칤a m치s honesto admitir nuestros sesgos y hablar abiertamente de c칩mo la ideolog칤a influye en lo que leemos y c칩mo lo interpretamos?', '2025-09-11 19:35:53', 20, 1),
(10, '쯃a literatura debe tomar posici칩n o mantenerse \"neutral\"? 쮼xiste realmente la neutralidad en el arte. asasasera', '쯃a literatura debe tomar posici칩n o mantenerse \"neutral\"? 쮼xiste realmente la neutralidad en el arte?', '2025-09-11 21:08:38', 20, 0);

-- --------------------------------------------------------

--
-- Table structure for table `generos`
--

CREATE TABLE `generos` (
  `id` int(11) NOT NULL,
  `nombre` varchar(100) NOT NULL
) ENGINE=InnoDB DEFAULT CHARSET=utf8mb4 COLLATE=utf8mb4_general_ci;

--
-- Dumping data for table `generos`
--

INSERT INTO `generos` (`id`, `nombre`) VALUES
(1, 'Ficci칩n'),
(2, 'Romance'),
(3, 'Ciencia'),
(4, 'Historia'),
(5, 'Fantas칤a');

-- --------------------------------------------------------

--
-- Table structure for table `intercambios`
--

CREATE TABLE `intercambios` (
  `id` int(11) NOT NULL,
  `libro_id_1` int(11) DEFAULT NULL,
  `libro_id_2` int(11) DEFAULT NULL,
  `usuario_1` int(11) DEFAULT NULL,
  `usuario_2` int(11) DEFAULT NULL,
  `estado` enum('pendiente','aceptado','rechazado') DEFAULT 'pendiente',
  `fecha` datetime DEFAULT current_timestamp()
) ENGINE=InnoDB DEFAULT CHARSET=utf8mb4 COLLATE=utf8mb4_general_ci;

--
-- Dumping data for table `intercambios`
--

INSERT INTO `intercambios` (`id`, `libro_id_1`, `libro_id_2`, `usuario_1`, `usuario_2`, `estado`, `fecha`) VALUES
(38, 35, 42, 21, 22, 'rechazado', '2025-09-11 18:53:22'),
(39, 31, 44, 21, 23, 'aceptado', '2025-09-11 18:54:48');

-- --------------------------------------------------------

--
-- Table structure for table `libros`
--

CREATE TABLE `libros` (
  `id` int(11) NOT NULL,
  `titulo` varchar(255) DEFAULT NULL,
  `autor` varchar(255) DEFAULT NULL,
  `genero` varchar(100) DEFAULT NULL,
  `estado` enum('nuevo','usado') DEFAULT NULL,
  `descripcion` text DEFAULT NULL,
  `imagen` varchar(255) DEFAULT NULL,
  `usuario_id` int(11) DEFAULT NULL,
  `modo` enum('intercambio','venta') DEFAULT 'intercambio',
  `precio` decimal(10,2) DEFAULT NULL,
  `id_usuario` int(11) NOT NULL
) ENGINE=InnoDB DEFAULT CHARSET=utf8mb4 COLLATE=utf8mb4_general_ci;

--
-- Dumping data for table `libros`
--

INSERT INTO `libros` (`id`, `titulo`, `autor`, `genero`, `estado`, `descripcion`, `imagen`, `usuario_id`, `modo`, `precio`, `id_usuario`) VALUES
(29, 'El Se침or de los Anillos: La Comunidad del Anillos', 'J.R.R. Tolkien', 'Fantas칤a', 'usado', 'La obra maestra que defini칩 el g칠nero de fantas칤a 칠pica moderna. Frodo Bols칩n hereda un anillo m치gico de su t칤o Bilbo, sin saber que es el Anillo 칔nico forjado por el Se침or Oscuro Sauron. Acompa침ado por el mago Gandalf y una comunidad de valientes compa침eros, debe emprender un peligroso viaje para destruir el anillo y salvar la Tierra Media. Una 칠pica aventura llena de magia, amistad, valor y la eterna lucha entre el bien y el mal que ha cautivado a generaciones de lectores.', NULL, NULL, NULL, NULL, 21),
(30, 'Harry Potter y la Piedra Filosofal', 'J.K. Rowling', 'Fantas칤a', 'nuevo', 'El libro que inici칩 la saga m치s popular de la literatura juvenil moderna. Harry Potter descubre en su und칠cimo cumplea침os que es un mago y ha sido aceptado en Hogwarts, la escuela de magia m치s prestigiosa del mundo. Junto a sus nuevos amigos Ron y Hermione, debe enfrentar misterios, criaturas m치gicas y descubrir la verdad sobre sus padres mientras alguien busca robar la legendaria Piedra Filosofal. Una historia m치gica sobre amistad, valent칤a y el poder del amor.', '68c3543a50ada_Harry Potter y la piedra filosofal - Edici칩n de Minalima _ Rese침a Pekeleke.jpg', NULL, 'intercambio', 45.00, 21),
(31, '1984', 'George Orwell', 'Ciencia Ficci칩n', 'nuevo', 'La distop칤a m치s influyente del siglo XX que predijo con escalofriante precisi칩n aspectos de nuestra sociedad moderna. Winston Smith vive en un mundo totalitario donde el Gran Hermano lo vigila todo, la historia se reescribe constantemente y hasta los pensamientos est치n controlados. Cuando se enamora de Julia, ambos se rebelan contra el sistema en una lucha desesperada por la libertad y la humanidad. Una obra prof칠tica sobre vigilancia, manipulaci칩n de la informaci칩n y la resistencia del esp칤ritu humano.', NULL, NULL, NULL, NULL, 21),
(32, 'Dune', 'Frank Herbert', 'Ciencia Ficci칩n', 'nuevo', 'La saga de ciencia ficci칩n m치s vendida de todos los tiempos. En el planeta des칠rtico Arrakis, 칰nica fuente de la especia melange, Paul Atreides debe navegar por una compleja red de pol칤tica gal치ctica, religi칩n y ecolog칤a para vengar a su familia y cumplir su destino como l칤der mesi치nico. Una obra maestra que combina aventura 칠pica con profundas reflexiones sobre poder, religi칩n, ecolog칤a y evoluci칩n humana en un universo ricamente detallado.', NULL, NULL, NULL, NULL, 21),
(33, 'Orgullo y Prejuicio', 'Jane Austen', 'Romance', 'usado', 'La novela rom치ntica m치s querida de la literatura inglesa. Elizabeth Bennet, una joven inteligente e independiente, debe superar sus prejuicios hacia el aparentemente arrogante Mr. Darcy, mientras 칠l debe vencer su orgullo de clase. A trav칠s de malentendidos, revelaciones y crecimiento personal, ambos descubren que el verdadero amor requiere comprensi칩n, respeto mutuo y la capacidad de cambiar. Una historia atemporal sobre el amor que trasciende las diferencias sociales.', NULL, NULL, NULL, NULL, 21),
(34, 'Me Before You', 'ojo Moyes', 'Romance', 'usado', 'Una historia de amor profundamente emotiva que cambi칩 la vida de millones de lectores. Louisa Clark acepta un trabajo cuidando a Will Traynor, un joven adinerado que qued칩 tetrapl칠jico tras un accidente. Lo que comienza como una relaci칩n laboral se transforma en una conexi칩n profunda que cambiar치 ambas vidas para siempre. Una novela que explora temas de discapacidad, dignidad, amor incondicional y la complejidad de las decisiones m치s dif칤ciles de la vida.', NULL, NULL, NULL, NULL, 21),
(35, 'El C칩digo Da Vinci', 'Dan Brown', 'Thriller', 'usado', 'El thriller internacional que mantuvo en vilo a millones de lectores. Cuando el conservador del Louvre es asesinado, el profesor Robert Langdon se ve envuelto en una conspiraci칩n milenaria que involucra s칤mbolos secretos, sociedades clandestinas y uno de los mayores misterios de la historia cristiana. Junto a la cript칩grafa Sophie Neveu, debe descifrar pistas dejadas por Leonardo Da Vinci mientras huye de fuerzas poderosas que har치n cualquier cosa por proteger un secreto ancestral.', NULL, NULL, NULL, NULL, 21),
(36, 'Perdida', 'Gillian Flynn', 'Thriller', 'nuevo', 'Un thriller psicol칩gico que redefine el concepto de matrimonio y confianza. Cuando Amy Dunne desaparece en su quinto aniversario de boda, todas las sospechas recaen sobre su esposo Nick. Pero nada es lo que parece en esta historia contada desde m칰ltiples perspectivas que revela las capas m치s oscuras de una relaci칩n aparentemente perfecta. Una novela perturbadora que mantiene al lector adivinando hasta la 칰ltima p치gina sobre qui칠n es realmente la v칤ctima y qui칠n el villano.', NULL, NULL, NULL, NULL, 21),
(37, 'El Asesinato de Roger Ackroyd', 'Agatha Christie', 'Misterio', 'nuevo', 'Considerada la obra maestra de la Reina del Crimen y una de las novelas de misterio m치s innovadoras jam치s escritas. Cuando el adinerado Roger Ackroyd es encontrado muerto en su estudio, el detective belga H칠rcules Poirot emerge de su retiro para resolver el caso. Con un final que revolucion칩 el g칠nero del misterio, Christie demuestra una vez m치s su genio para crear tramas imposibles de predecir y personajes inolvidables en esta joya de la literatura detectivesca.', NULL, NULL, NULL, NULL, 21),
(38, 'Los Cr칤menes del Alfabeto', 'Agatha Christie', 'Misterio', 'nuevo', 'H칠rcules Poirot enfrenta uno de sus casos m치s desafiantes cuando un asesino en serie mata siguiendo el orden alfab칠tico: Alice Ascher en Andover, Betty Barnard en Bexhill, Carmichael Clarke en Churston. Cada v칤ctima es encontrada junto a una gu칤a de ferrocarriles ABC, y el asesino env칤a cartas burl치ndose del detective. Una carrera contra el tiempo para detener a un criminal met칩dico antes de que complete su macabro alfabeto.', NULL, NULL, NULL, NULL, 22),
(39, 'Sapiens: De Animales a Dioses', 'Yuval Noah Harari', 'No Ficci칩n', 'usado', 'Una fascinante exploraci칩n de la historia de la humanidad desde la aparici칩n del Homo sapiens hasta nuestros d칤as. Harari examina c칩mo nuestra especie logr칩 dominar el mundo a trav칠s de tres revoluciones fundamentales: la cognitiva, la agr칤cola y la cient칤fica. Con un estilo accesible y provocativo, el autor desaf칤a nuestras concepciones sobre progreso, felicidad y el futuro de nuestra especie en una obra que ha redefinido c칩mo entendemos nuestro lugar en el mundo.', NULL, NULL, NULL, NULL, 22),
(40, 'El Arte de la Guerra', 'Sun Tzu', 'No Ficci칩n', 'usado', 'El tratado militar m치s influyente de la historia, escrito hace m치s de 2.500 a침os pero sorprendentemente relevante en el mundo moderno. Sun Tzu presenta estrategias y t치cticas que van m치s all치 del campo de batalla, aplicables a los negocios, la pol칤tica y la vida cotidiana. Sus ense침anzas sobre liderazgo, planificaci칩n estrat칠gica y psicolog칤a del conflicto han influido a generales, empresarios y l칤deres mundiales a lo largo de los siglos.', NULL, NULL, NULL, NULL, 22),
(41, 'Cien A침os de Soledad', 'Gabriel Garc칤a M치rquez', 'Cl치sicos', 'usado', 'La obra cumbre del realismo m치gico y una de las novelas m치s importantes del siglo XX. La saga de la familia Buend칤a en el m칤tico pueblo de Macondo, donde lo extraordinario y lo cotidiano se entrelazan en una narrativa que abarca siete generaciones. Garc칤a M치rquez teje una historia que es a la vez 칤ntima y universal, explorando temas de soledad, amor, poder y el destino c칤clico de Am칠rica Latina con una prosa po칠tica incomparable que le vali칩 el Premio Nobel de Literatura.', NULL, NULL, NULL, NULL, 22),
(42, 'El Gran Gatsby', 'F. Scott Fitzgerald', 'Cl치sicos', 'usado', 'La novela definitiva sobre el sue침o americano y la era del jazz. Narrada por Nick Carraway, cuenta la historia de Jay Gatsby, un misterioso millonario obsesionado con reconquistar a su amor perdido, Daisy Buchanan. Ambientada en los locos a침os veinte, la novela es una cr칤tica brillante a la sociedad americana, explorando temas de clase, amor idealizado, corrupci칩n moral y la imposibilidad de recuperar el pasado con una prosa elegante y memorable.', NULL, NULL, NULL, NULL, 22),
(43, 'Los Juegos del Hambre', 'Suzanne Collins', 'Juvenil', 'usado', ' La trilog칤a que defini칩 la literatura juvenil dist칩pica moderna. En un futuro post-apocal칤ptico, Katniss Everdeen se convierte en el s칤mbolo de la rebeli칩n cuando se ofrece como voluntaria para reemplazar a su hermana menor en los brutales Juegos del Hambre, donde 24 j칩venes luchan a muerte en una arena televisada. Una historia poderosa sobre supervivencia, sacrificio, amor y la lucha contra la opresi칩n que reson칩 con toda una generaci칩n.', NULL, NULL, NULL, NULL, 22),
(44, 'Bajo la Misma Estrella', 'John Green', 'Juvenil', 'usado', 'Una historia de amor profundamente emotiva que redefini칩 la literatura juvenil contempor치nea. Hazel Grace Lancaster, una adolescente con c치ncer, conoce a Augustus Waters en un grupo de apoyo. Juntos emprenden un viaje extraordinario a 츼msterdam para conocer al autor de su libro favorito. Green combina humor, filosof칤a y emoci칩n cruda en una novela que explora el amor, la mortalidad y el significado de la vida con una honestidad que ha tocado millones de corazones.', NULL, NULL, NULL, NULL, 23),
(45, 'La Isla del Tesoro', 'Robert Louis Stevenson', 'Aventura', 'usado', 'La novela de aventuras m치s emocionante jam치s escrita y el arquetipo de todas las historias de piratas. El joven Jim Hawkins descubre un mapa del tesoro y se embarca en una expedici칩n hacia una isla misteriosa, donde debe enfrentar a piratas traicioneros liderados por el carism치tico pero peligroso Long John Silver. Una historia atemporal de valor, traici칩n, amistad y la b칰squeda del tesoro m치s famoso de la literatura que ha inspirado innumerables adaptaciones.', NULL, NULL, NULL, NULL, 23),
(46, 'Las Aventuras de Tom Sawyer', 'Mark Twain', 'Aventura', 'usado', ' Las travesuras del muchacho m치s famoso de la literatura americana en el pintoresco pueblo de St. Petersburg, a orillas del r칤o Mississippi. Tom Sawyer, con su ingenio y esp칤ritu aventurero, junto a su mejor amigo Huckleberry Finn, vive aventuras que incluyen presenciar un asesinato, buscar tesoros piratas y asistir a su propio funeral. Una celebraci칩n nost치lgica de la infancia y la inocencia americana que captura perfectamente el esp칤ritu de una 칠poca.', NULL, NULL, NULL, NULL, 23),
(47, 'El Alquimista', 'Paulo Coelho', 'Otro', 'usado', 'Una f치bula inspiradora sobre seguir nuestros sue침os que se ha convertido en uno de los libros m치s vendidos de todos los tiempos. Santiago, un joven pastor andaluz, emprende un viaje desde Espa침a hasta las pir치mides de Egipto en busca de un tesoro, pero descubre que el verdadero tesoro est치 en el camino mismo y en escuchar a su coraz칩n. Una novela llena de sabidur칤a sobre destino, prop칩sito de vida y la importancia de perseguir nuestras leyendas personales.', NULL, NULL, NULL, NULL, 23),
(48, 'El Monje que Vendi칩 su Ferrari', 'Robin Sharma', 'Otro', 'nuevo', 'Una f치bula transformadora sobre liderazgo personal y desarrollo espiritual. Julian Mantle, un exitoso abogado al borde del colapso, abandona su lujosa vida para buscar la iluminaci칩n en los Himalayas. Al regresar, comparte con su ex-colega las lecciones de sabidur칤a antigua que aprendi칩 de los sabios de Sivana, ofreciendo herramientas pr치cticas para vivir una vida m치s plena, equilibrada y significativa en el mundo moderno.', NULL, NULL, NULL, NULL, 23),
(49, 'Juego de Tronos', 'George R.R. Martin', 'Fantas칤a', 'nuevo', 'La saga 칠pica que revolucion칩 la fantas칤a moderna con su realismo pol칤tico y complejidad moral. En los Siete Reinos de Westeros, m칰ltiples casas nobles luchan por el Trono de Hierro mientras una antigua amenaza despierta en el Norte. Martin teje una narrativa donde nadie est치 a salvo y las decisiones tienen consecuencias devastadoras, creando un mundo donde la pol칤tica, la guerra y la magia se entrelazan en una historia adictiva.', NULL, NULL, NULL, NULL, 24),
(50, 'Las Cr칩nicas de Narnia: El Le칩n, la Bruja y el Ropero', 'C.S. Lewis', 'Fantas칤a', 'usado', 'El cl치sico portal de fantas칤a que ha encantado a generaciones. Cuatro hermanos descubren un mundo m치gico dentro de un armario donde reina una bruja malvada que ha sumido Narnia en un invierno eterno. Con la ayuda del noble le칩n Aslan, deben cumplir una antigua profec칤a y restaurar la paz al reino. Una alegor칤a rica en simbolismo que combina aventura, magia y profundas lecciones sobre valor, sacrificio y redenci칩n.', NULL, NULL, NULL, NULL, 24),
(51, 'Fundaci칩n', 'Isaac Asimov', 'Ciencia Ficci칩n', 'usado', 'La obra maestra de Asimov que estableci칩 las bases de la ciencia ficci칩n moderna. Hari Seldon, creador de la psicohistoria, predice la ca칤da del Imperio Gal치ctico y establece dos Fundaciones para preservar el conocimiento humano y reducir la era oscura venidera. Una saga que explora temas de historia c칤clica, predicci칩n del futuro y la evoluci칩n de la civilizaci칩n a trav칠s de milenios, combinando ciencia rigurosa con narrativa 칠pica.', NULL, NULL, NULL, NULL, 24),
(52, 'Fahrenheit 451', 'Ray Bradbury', 'Ciencia Ficci칩n', 'nuevo', 'Una distop칤a visionaria sobre censura y el poder de los libros. Guy Montag es un bombero cuyo trabajo es quemar libros en una sociedad donde la lectura est치 prohibida y el entretenimiento superficial domina. Cuando conoce a Clarisse, una joven que cuestiona el mundo, Montag comienza a dudar de su misi칩n y descubre el valor transformador de la literatura. Una advertencia prof칠tica sobre la manipulaci칩n medi치tica y la importancia del pensamiento cr칤tico.', NULL, NULL, NULL, NULL, 24),
(53, 'Romeo y Julieta', 'William Shakespeare', 'Romance', 'nuevo', 'La tragedia rom치ntica m치s famosa de todos los tiempos. En Verona, dos j칩venes de familias enemigas se enamoran perdidamente, desafiando el odio ancestral que separa a los Montesco y los Capuleto. Su amor prohibido los lleva a casarse en secreto, pero una serie de malentendidos tr치gicos culmina en el sacrificio final que reconcilia a las familias rivales. Una obra atemporal sobre la pasi칩n, el destino y el precio del amor verdadero.', NULL, NULL, NULL, NULL, 24),
(54, 'La Chica del Tren', 'Paula Hawkins', 'Thriller', 'nuevo', 'Un thriller psicol칩gico adictivo contado desde tres perspectivas femeninas. Rachel, una divorciada alcoholizada, observa diariamente desde el tren a una pareja aparentemente perfecta hasta que presencia algo que la convierte en parte de un misterio m치s grande de lo que imaginaba. Cuando la mujer desaparece, Rachel se ve envuelta en una investigaci칩n que revelar치 secretos perturbadores sobre mentiras, obsesiones y la fragilidad de la memoria.', NULL, NULL, NULL, NULL, 24);

-- --------------------------------------------------------

--
-- Table structure for table `libros_catalogo`
--

CREATE TABLE `libros_catalogo` (
  `id` int(11) NOT NULL,
  `titulo` varchar(255) DEFAULT NULL,
  `autor` varchar(255) DEFAULT NULL,
  `descripcion` text DEFAULT NULL,
  `imagen` varchar(255) DEFAULT NULL,
  `precio` decimal(10,2) DEFAULT NULL,
  `estado` enum('nuevo','usado') DEFAULT 'nuevo',
  `genero` varchar(100) DEFAULT NULL,
  `id_usuario` int(11) DEFAULT NULL
) ENGINE=InnoDB DEFAULT CHARSET=utf8mb4 COLLATE=utf8mb4_general_ci;

-- --------------------------------------------------------

--
-- Table structure for table `libros_venta`
--

CREATE TABLE `libros_venta` (
  `id` int(11) NOT NULL,
  `id_usuario` int(11) NOT NULL,
  `titulo` varchar(255) NOT NULL,
  `autor` varchar(255) DEFAULT NULL,
  `descripcion` text DEFAULT NULL,
  `precio` decimal(10,2) NOT NULL,
  `imagen` varchar(255) DEFAULT NULL,
  `fecha_publicacion` datetime DEFAULT current_timestamp(),
  `estado` enum('nuevo','usado') NOT NULL DEFAULT 'nuevo',
  `id_genero` int(11) DEFAULT NULL
) ENGINE=InnoDB DEFAULT CHARSET=utf8mb4 COLLATE=utf8mb4_general_ci;

-- --------------------------------------------------------

--
-- Table structure for table `mensajes`
--

CREATE TABLE `mensajes` (
  `id` int(11) NOT NULL,
  `emisor_id` int(11) NOT NULL,
  `receptor_id` int(11) NOT NULL,
  `mensaje` text NOT NULL,
  `fecha_envio` datetime DEFAULT current_timestamp(),
  `leido` tinyint(1) DEFAULT 0
) ENGINE=InnoDB DEFAULT CHARSET=utf8mb4 COLLATE=utf8mb4_general_ci;

--
-- Dumping data for table `mensajes`
--

INSERT INTO `mensajes` (`id`, `emisor_id`, `receptor_id`, `mensaje`, `fecha_envio`, `leido`) VALUES
(13, 22, 21, 'Hola, Muy buenas tardes, 쮻isculpa, aun tienes disponible el libro de la comunidad del anillo?\r\nme parece un libro excelente y me gustaria saber por que te gusto, ademas de comprarlo, ya que siento que es un excelente libro para una tarde soleada.\r\nEspero tu pronta respuesta, Gracias.', '2025-09-11 19:06:48', 0);

-- --------------------------------------------------------

--
-- Table structure for table `notificaciones`
--

CREATE TABLE `notificaciones` (
  `id` int(11) NOT NULL,
  `usuario_id` int(11) NOT NULL,
  `mensaje` varchar(255) NOT NULL,
  `link` varchar(255) DEFAULT NULL,
  `intercambio_id` int(11) DEFAULT NULL,
  `tipo` varchar(50) DEFAULT 'info',
  `fecha` datetime DEFAULT current_timestamp(),
  `leida` tinyint(1) DEFAULT 0
) ENGINE=InnoDB DEFAULT CHARSET=utf8mb4 COLLATE=utf8mb4_general_ci;

--
-- Dumping data for table `notificaciones`
--

INSERT INTO `notificaciones` (`id`, `usuario_id`, `mensaje`, `link`, `intercambio_id`, `tipo`, `fecha`, `leida`) VALUES
(41, 22, '游댃 Has recibido una solicitud de intercambio por tu libro \"El Gran Gatsby\".', 'index.php?c=IntercambioController&a=notificaciones', 38, 'info', '2025-09-11 18:53:22', 1),
(42, 21, 'Tu solicitud de intercambio ha sido rechazada.', 'index.php?c=IntercambioController&a=misIntercambios', NULL, 'info', '2025-09-11 18:54:02', 0),
(43, 21, 'Tu solicitud de intercambio ha sido rechazada.', 'index.php?c=IntercambioController&a=misIntercambios', NULL, 'info', '2025-09-11 18:54:07', 1),
(44, 23, '游댃 Has recibido una solicitud de intercambio por tu libro \"Bajo la Misma Estrella\".', 'index.php?c=IntercambioController&a=notificaciones', 39, 'info', '2025-09-11 18:54:48', 1),
(45, 21, 'Tu solicitud de intercambio ha sido aceptada.', 'index.php?c=IntercambioController&a=misIntercambios', NULL, 'info', '2025-09-11 18:55:29', 1);

-- --------------------------------------------------------

--
-- Table structure for table `resenas`
--

CREATE TABLE `resenas` (
  `id` int(11) NOT NULL,
  `libro_id` int(11) DEFAULT NULL,
  `usuario_id` int(11) DEFAULT NULL,
  `calificacion` int(11) DEFAULT NULL CHECK (`calificacion` between 1 and 5),
  `comentario` text DEFAULT NULL,
  `fecha` datetime DEFAULT current_timestamp()
) ENGINE=InnoDB DEFAULT CHARSET=utf8mb4 COLLATE=utf8mb4_general_ci;

--
-- Dumping data for table `resenas`
--

INSERT INTO `resenas` (`id`, `libro_id`, `usuario_id`, `calificacion`, `comentario`, `fecha`) VALUES
(9, 29, 21, 5, 'OBRA MAESTRA ABSOLUTA\r\nTolkien no solo cre칩 una novela; fund칩 un g칠nero completo. Su construcci칩n ling칲칤stica es impecable: invent칩 idiomas completos con gram치tica y etimolog칤a coherentes. La profundidad mitol칩gica rivaliza con las grandes epopeyas cl치sicas, mientras que su prosa conserva una elegancia que nunca cae en lo pretencioso. Cr칤ticos han se침alado el ritmo ocasionalmente lento, pero esto es precisamente lo que permite la inmersi칩n total en la Tierra Media. Una obra que establece el est치ndar dorado de la fantas칤a 칠pica.', '2025-09-11 19:01:53'),
(10, 32, 21, 4, 'COMPLEJIDAD NARRATIVA EXTRAORDINARIA.\r\nHerbert construye el universo de ciencia ficci칩n m치s detallado y coherente jam치s creado. La integraci칩n de pol칤tica, ecolog칤a, religi칩n y evoluci칩n humana es magistral. Su prosa puede ser densa, pero cada elemento sirve a la construcci칩n del mundo. Las secuelas decaen, pero este primer volumen mantiene un equilibrio perfecto entre acci칩n y filosof칤a. Una obra que eleva la ciencia ficci칩n al nivel de la gran literatura', '2025-09-11 19:02:33'),
(11, 52, 21, 5, 'MET츼FORA CULTURAL PODEROSA.\r\nBradbury crea una met치fora potente sobre censura y anti-intelectualismo que resulta prof칠ticamente relevante en la era digital. Su prosa po칠tica contrasta efectivamente con la frialdad del mundo que describe. Algunas explicaciones del sistema resultan simplificadas, pero esto sirve al prop칩sito aleg칩rico. Una obra que funciona mejor como advertencia cultural que como ciencia ficci칩n hard, pero igualmente valiosa.', '2025-09-11 19:03:17'),
(12, 32, 22, 3, 'perfecto entre acci칩n y filosof칤a. Una obra que eleva la ciencia ficci칩n al nivel de la gran literatura', '2025-09-11 19:04:37');

-- --------------------------------------------------------

--
-- Table structure for table `usuarios`
--

CREATE TABLE `usuarios` (
  `id` int(11) NOT NULL,
  `nombre` varchar(100) NOT NULL,
  `email` varchar(100) NOT NULL,
  `password` varchar(255) NOT NULL,
  `rol` enum('usuario','admin') DEFAULT 'usuario',
  `foto` varchar(255) DEFAULT NULL,
  `bio` text DEFAULT NULL,
  `token_recuperacion` varchar(255) DEFAULT NULL,
  `token_expira` datetime DEFAULT NULL
) ENGINE=InnoDB DEFAULT CHARSET=utf8mb4 COLLATE=utf8mb4_general_ci;

--
-- Dumping data for table `usuarios`
--

INSERT INTO `usuarios` (`id`, `nombre`, `email`, `password`, `rol`, `foto`, `bio`, `token_recuperacion`, `token_expira`) VALUES
(20, 'Angel David Vanegas Bulla', 'angelvanegas944@gmail.com', '$2y$10$ta6C5cu8b.eqT/aR1OaD3uyP0to0b/EPXvqCML7Dc3WzQwcjYwEkS', 'admin', '68c37134069ad_client9.jpg', 'Estudiante Tecnologo del SENA.\r\nADSO', NULL, NULL),
(21, 'Cristian Giovanny Salgado Vaquez', 'giovannyv292@gmail.com', '$2y$10$sOHQ0Aje0NxoH6WQ/TMhkOm0wS3CpJLguzx71p/MDRs1K/TJQzeSS', 'usuario', '68c35d873788d_client5.jpg', 'Estudiante SENA, ADSO', NULL, NULL),
(22, 'Ana Elizabeth Carre침o', 'aelixabeth201@gmail.com', '$2y$10$U8XfcxcDZRVHE/bQ9g1RXe2gI/4.x.CXeB44Qs35UkGBaAAPX0OcC', 'usuario', '68c35ac35e1ab_client3.jpg', 'Estudiante del SENA', NULL, NULL),
(23, 'Jair Santiago Guerra Alarcon', 'jguerra9806@gmail.com', '$2y$10$HYy0ziLNMREQjYJwnLA3leJJ68uliHM8e.M51/xe/lFKFt7El3/3a', 'usuario', '68c35d3ea85ff_client7.jpg', 'Estudiante SENA', NULL, NULL),
(24, 'Libros Wap Usuario', 'libroswapgroup@gmail.com', '$2y$10$LPX03EXqHCGrFwWfFGYBiuAxBaVX9fxEude7jMHoyhOG4R59Q6Vpy', 'usuario', NULL, NULL, NULL, NULL);

-- --------------------------------------------------------

--
-- Table structure for table `ventas`
--

CREATE TABLE `ventas` (
  `id` int(11) NOT NULL,
  `id_usuario` int(11) NOT NULL,
  `id_libro` int(11) NOT NULL,
  `fecha` datetime DEFAULT current_timestamp(),
  `precio` decimal(10,2) NOT NULL,
  `estado` varchar(20) DEFAULT 'completada'
) ENGINE=InnoDB DEFAULT CHARSET=utf8mb4 COLLATE=utf8mb4_general_ci;

--
-- Indexes for dumped tables
--

--
-- Indexes for table `carrito`
--
ALTER TABLE `carrito`
  ADD PRIMARY KEY (`id`),
  ADD KEY `usuario_id` (`usuario_id`),
  ADD KEY `libro_id` (`libro_id`);

--
-- Indexes for table `categorias`
--
ALTER TABLE `categorias`
  ADD PRIMARY KEY (`id`);

--
-- Indexes for table `comentarios_evento`
--
ALTER TABLE `comentarios_evento`
  ADD PRIMARY KEY (`id`),
  ADD KEY `id_evento` (`id_evento`),
  ADD KEY `id_usuario` (`id_usuario`);

--
-- Indexes for table `compras`
--
ALTER TABLE `compras`
  ADD PRIMARY KEY (`id`),
  ADD KEY `usuario_id` (`usuario_id`),
  ADD KEY `libro_id` (`libro_id`);

--
-- Indexes for table `config_usuario`
--
ALTER TABLE `config_usuario`
  ADD PRIMARY KEY (`id`),
  ADD KEY `id_usuario` (`id_usuario`);

--
-- Indexes for table `eventos`
--
ALTER TABLE `eventos`
  ADD PRIMARY KEY (`id`);

--
-- Indexes for table `generos`
--
ALTER TABLE `generos`
  ADD PRIMARY KEY (`id`);

--
-- Indexes for table `intercambios`
--
ALTER TABLE `intercambios`
  ADD PRIMARY KEY (`id`),
  ADD KEY `libro_id_1` (`libro_id_1`),
  ADD KEY `libro_id_2` (`libro_id_2`),
  ADD KEY `usuario_1` (`usuario_1`),
  ADD KEY `usuario_2` (`usuario_2`);

--
-- Indexes for table `libros`
--
ALTER TABLE `libros`
  ADD PRIMARY KEY (`id`),
  ADD KEY `usuario_id` (`usuario_id`);

--
-- Indexes for table `libros_catalogo`
--
ALTER TABLE `libros_catalogo`
  ADD PRIMARY KEY (`id`);

--
-- Indexes for table `libros_venta`
--
ALTER TABLE `libros_venta`
  ADD PRIMARY KEY (`id`),
  ADD KEY `id_usuario` (`id_usuario`);

--
-- Indexes for table `mensajes`
--
ALTER TABLE `mensajes`
  ADD PRIMARY KEY (`id`);

--
-- Indexes for table `notificaciones`
--
ALTER TABLE `notificaciones`
  ADD PRIMARY KEY (`id`),
  ADD KEY `usuario_id` (`usuario_id`);

--
-- Indexes for table `resenas`
--
ALTER TABLE `resenas`
  ADD PRIMARY KEY (`id`),
  ADD KEY `libro_id` (`libro_id`),
  ADD KEY `usuario_id` (`usuario_id`);

--
-- Indexes for table `usuarios`
--
ALTER TABLE `usuarios`
  ADD PRIMARY KEY (`id`),
  ADD UNIQUE KEY `email` (`email`);

--
-- Indexes for table `ventas`
--
ALTER TABLE `ventas`
  ADD PRIMARY KEY (`id`),
  ADD KEY `id_usuario` (`id_usuario`),
  ADD KEY `id_libro` (`id_libro`);

--
-- AUTO_INCREMENT for dumped tables
--

--
-- AUTO_INCREMENT for table `carrito`
--
ALTER TABLE `carrito`
  MODIFY `id` int(11) NOT NULL AUTO_INCREMENT, AUTO_INCREMENT=36;

--
-- AUTO_INCREMENT for table `categorias`
--
ALTER TABLE `categorias`
  MODIFY `id` int(11) NOT NULL AUTO_INCREMENT;

--
-- AUTO_INCREMENT for table `comentarios_evento`
--
ALTER TABLE `comentarios_evento`
  MODIFY `id` int(11) NOT NULL AUTO_INCREMENT, AUTO_INCREMENT=5;

--
-- AUTO_INCREMENT for table `compras`
--
ALTER TABLE `compras`
  MODIFY `id` int(11) NOT NULL AUTO_INCREMENT, AUTO_INCREMENT=14;

--
-- AUTO_INCREMENT for table `config_usuario`
--
ALTER TABLE `config_usuario`
  MODIFY `id` int(11) NOT NULL AUTO_INCREMENT, AUTO_INCREMENT=4;

--
-- AUTO_INCREMENT for table `eventos`
--
ALTER TABLE `eventos`
  MODIFY `id` int(11) NOT NULL AUTO_INCREMENT, AUTO_INCREMENT=11;

--
-- AUTO_INCREMENT for table `generos`
--
ALTER TABLE `generos`
  MODIFY `id` int(11) NOT NULL AUTO_INCREMENT, AUTO_INCREMENT=6;

--
-- AUTO_INCREMENT for table `intercambios`
--
ALTER TABLE `intercambios`
  MODIFY `id` int(11) NOT NULL AUTO_INCREMENT, AUTO_INCREMENT=40;

--
-- AUTO_INCREMENT for table `libros`
--
ALTER TABLE `libros`
  MODIFY `id` int(11) NOT NULL AUTO_INCREMENT, AUTO_INCREMENT=57;

--
-- AUTO_INCREMENT for table `libros_catalogo`
--
ALTER TABLE `libros_catalogo`
  MODIFY `id` int(11) NOT NULL AUTO_INCREMENT;

--
-- AUTO_INCREMENT for table `libros_venta`
--
ALTER TABLE `libros_venta`
  MODIFY `id` int(11) NOT NULL AUTO_INCREMENT, AUTO_INCREMENT=9;

--
-- AUTO_INCREMENT for table `mensajes`
--
ALTER TABLE `mensajes`
  MODIFY `id` int(11) NOT NULL AUTO_INCREMENT, AUTO_INCREMENT=14;

--
-- AUTO_INCREMENT for table `notificaciones`
--
ALTER TABLE `notificaciones`
  MODIFY `id` int(11) NOT NULL AUTO_INCREMENT, AUTO_INCREMENT=46;

--
-- AUTO_INCREMENT for table `resenas`
--
ALTER TABLE `resenas`
  MODIFY `id` int(11) NOT NULL AUTO_INCREMENT, AUTO_INCREMENT=13;

--
-- AUTO_INCREMENT for table `usuarios`
--
ALTER TABLE `usuarios`
  MODIFY `id` int(11) NOT NULL AUTO_INCREMENT, AUTO_INCREMENT=25;

--
-- AUTO_INCREMENT for table `ventas`
--
ALTER TABLE `ventas`
  MODIFY `id` int(11) NOT NULL AUTO_INCREMENT;

--
-- Constraints for dumped tables
--

--
-- Constraints for table `carrito`
--
ALTER TABLE `carrito`
  ADD CONSTRAINT `carrito_ibfk_1` FOREIGN KEY (`usuario_id`) REFERENCES `usuarios` (`id`),
  ADD CONSTRAINT `carrito_ibfk_2` FOREIGN KEY (`libro_id`) REFERENCES `libros` (`id`);

--
-- Constraints for table `comentarios_evento`
--
ALTER TABLE `comentarios_evento`
  ADD CONSTRAINT `comentarios_evento_ibfk_1` FOREIGN KEY (`id_evento`) REFERENCES `eventos` (`id`),
  ADD CONSTRAINT `comentarios_evento_ibfk_2` FOREIGN KEY (`id_usuario`) REFERENCES `usuarios` (`id`);

--
-- Constraints for table `compras`
--
ALTER TABLE `compras`
  ADD CONSTRAINT `compras_ibfk_1` FOREIGN KEY (`usuario_id`) REFERENCES `usuarios` (`id`),
  ADD CONSTRAINT `compras_ibfk_2` FOREIGN KEY (`libro_id`) REFERENCES `libros` (`id`);

--
-- Constraints for table `config_usuario`
--
ALTER TABLE `config_usuario`
  ADD CONSTRAINT `config_usuario_ibfk_1` FOREIGN KEY (`id_usuario`) REFERENCES `usuarios` (`id`) ON DELETE CASCADE;

--
-- Constraints for table `intercambios`
--
ALTER TABLE `intercambios`
  ADD CONSTRAINT `intercambios_ibfk_1` FOREIGN KEY (`libro_id_1`) REFERENCES `libros` (`id`),
  ADD CONSTRAINT `intercambios_ibfk_2` FOREIGN KEY (`libro_id_2`) REFERENCES `libros` (`id`),
  ADD CONSTRAINT `intercambios_ibfk_3` FOREIGN KEY (`usuario_1`) REFERENCES `usuarios` (`id`),
  ADD CONSTRAINT `intercambios_ibfk_4` FOREIGN KEY (`usuario_2`) REFERENCES `usuarios` (`id`);

--
-- Constraints for table `libros`
--
ALTER TABLE `libros`
  ADD CONSTRAINT `libros_ibfk_1` FOREIGN KEY (`usuario_id`) REFERENCES `usuarios` (`id`);

--
-- Constraints for table `libros_venta`
--
ALTER TABLE `libros_venta`
  ADD CONSTRAINT `libros_venta_ibfk_1` FOREIGN KEY (`id_usuario`) REFERENCES `usuarios` (`id`);

--
-- Constraints for table `notificaciones`
--
ALTER TABLE `notificaciones`
  ADD CONSTRAINT `notificaciones_ibfk_1` FOREIGN KEY (`usuario_id`) REFERENCES `usuarios` (`id`) ON DELETE CASCADE;

--
-- Constraints for table `resenas`
--
ALTER TABLE `resenas`
  ADD CONSTRAINT `resenas_ibfk_1` FOREIGN KEY (`libro_id`) REFERENCES `libros` (`id`),
  ADD CONSTRAINT `resenas_ibfk_2` FOREIGN KEY (`usuario_id`) REFERENCES `usuarios` (`id`);

--
-- Constraints for table `ventas`
--
ALTER TABLE `ventas`
  ADD CONSTRAINT `ventas_ibfk_1` FOREIGN KEY (`id_usuario`) REFERENCES `usuarios` (`id`),
  ADD CONSTRAINT `ventas_ibfk_2` FOREIGN KEY (`id_libro`) REFERENCES `libros` (`id`);
COMMIT;

/*!40101 SET CHARACTER_SET_CLIENT=@OLD_CHARACTER_SET_CLIENT */;
/*!40101 SET CHARACTER_SET_RESULTS=@OLD_CHARACTER_SET_RESULTS */;
/*!40101 SET COLLATION_CONNECTION=@OLD_COLLATION_CONNECTION */;
