-- phpMyAdmin SQL Dump
-- version 5.2.1
-- https://www.phpmyadmin.net/
--
-- Servidor: 127.0.0.1
-- Tiempo de generaci칩n: 30-07-2025 a las 16:17:35
-- Versi칩n del servidor: 10.4.32-MariaDB
-- Versi칩n de PHP: 8.2.12

SET SQL_MODE = "NO_AUTO_VALUE_ON_ZERO";
START TRANSACTION;
SET time_zone = "+00:00";


/*!40101 SET @OLD_CHARACTER_SET_CLIENT=@@CHARACTER_SET_CLIENT */;
/*!40101 SET @OLD_CHARACTER_SET_RESULTS=@@CHARACTER_SET_RESULTS */;
/*!40101 SET @OLD_COLLATION_CONNECTION=@@COLLATION_CONNECTION */;
/*!40101 SET NAMES utf8mb4 */;

--
-- Base de datos: `final`
--

-- --------------------------------------------------------

--
-- Estructura de tabla para la tabla `carrito`
--

CREATE TABLE `carrito` (
  `id` int(11) NOT NULL,
  `usuario_id` int(11) DEFAULT NULL,
  `libro_id` int(11) DEFAULT NULL,
  `fecha_agregado` datetime DEFAULT current_timestamp()
) ENGINE=InnoDB DEFAULT CHARSET=utf8mb4 COLLATE=utf8mb4_general_ci;

--
-- Volcado de datos para la tabla `carrito`
--

INSERT INTO `carrito` (`id`, `usuario_id`, `libro_id`, `fecha_agregado`) VALUES
(2, 3, 3, '2025-07-24 03:00:41'),
(7, 1, 4, '2025-07-25 23:10:46');

-- --------------------------------------------------------

--
-- Estructura de tabla para la tabla `categorias`
--

CREATE TABLE `categorias` (
  `id` int(11) NOT NULL,
  `nombre` varchar(100) DEFAULT NULL,
  `descripcion` text DEFAULT NULL,
  `icono` varchar(10) DEFAULT NULL,
  `imagen` varchar(255) DEFAULT NULL,
  `slug` varchar(100) DEFAULT NULL
) ENGINE=InnoDB DEFAULT CHARSET=utf8mb4 COLLATE=utf8mb4_general_ci;

-- --------------------------------------------------------

--
-- Estructura de tabla para la tabla `comentarios_evento`
--

CREATE TABLE `comentarios_evento` (
  `id` int(11) NOT NULL,
  `id_evento` int(11) DEFAULT NULL,
  `id_usuario` int(11) DEFAULT NULL,
  `comentario` text DEFAULT NULL,
  `fecha` datetime DEFAULT current_timestamp()
) ENGINE=InnoDB DEFAULT CHARSET=utf8mb4 COLLATE=utf8mb4_general_ci;

--
-- Volcado de datos para la tabla `comentarios_evento`
--

INSERT INTO `comentarios_evento` (`id`, `id_evento`, `id_usuario`, `comentario`, `fecha`) VALUES
(1, 2, 1, 'Es duro y complejo pero opino que para saber que estoy leyendo y de que trata especificamente el tema del libro', '2025-07-25 21:37:44'),
(2, 3, 3, 'a', '2025-07-25 21:44:11'),
(3, 3, 1, 'interesante', '2025-07-26 02:17:50');

-- --------------------------------------------------------

--
-- Estructura de tabla para la tabla `compras`
--

CREATE TABLE `compras` (
  `id` int(11) NOT NULL,
  `usuario_id` int(11) DEFAULT NULL,
  `libro_id` int(11) DEFAULT NULL,
  `fecha` datetime DEFAULT current_timestamp()
) ENGINE=InnoDB DEFAULT CHARSET=utf8mb4 COLLATE=utf8mb4_general_ci;

--
-- Volcado de datos para la tabla `compras`
--

INSERT INTO `compras` (`id`, `usuario_id`, `libro_id`, `fecha`) VALUES
(1, 3, 2, '2025-07-24 02:56:11'),
(2, 1, 2, '2025-07-24 17:01:08'),
(3, 1, 4, '2025-07-24 17:01:08');

-- --------------------------------------------------------

--
-- Estructura de tabla para la tabla `eventos`
--

CREATE TABLE `eventos` (
  `id` int(11) NOT NULL,
  `titulo` varchar(255) NOT NULL,
  `descripcion` text DEFAULT NULL,
  `fecha_creacion` datetime DEFAULT current_timestamp(),
  `creado_por` int(11) DEFAULT NULL,
  `activo` tinyint(1) DEFAULT 1
) ENGINE=InnoDB DEFAULT CHARSET=utf8mb4 COLLATE=utf8mb4_general_ci;

--
-- Volcado de datos para la tabla `eventos`
--

INSERT INTO `eventos` (`id`, `titulo`, `descripcion`, `fecha_creacion`, `creado_por`, `activo`) VALUES
(1, 'Hablemos de categorias en los libros, 쯘s necesario que un libro tenga categoria?', 'Categorias', '2025-07-25 21:33:59', 3, 1),
(2, 'Hablemos de categorias en los libros, 쯘s necesario que un libro tenga categoria?', 'Categoriasa', '2025-07-25 21:36:54', 3, 0),
(3, 'Hablemos de autores Colombianos y de latinoamerica', 'Interesante hablar de visioneros colombianos en la literatura', '2025-07-25 21:44:03', 3, 1);

-- --------------------------------------------------------

--
-- Estructura de tabla para la tabla `intercambios`
--

CREATE TABLE `intercambios` (
  `id` int(11) NOT NULL,
  `libro_id_1` int(11) DEFAULT NULL,
  `libro_id_2` int(11) DEFAULT NULL,
  `usuario_1` int(11) DEFAULT NULL,
  `usuario_2` int(11) DEFAULT NULL,
  `estado` enum('pendiente','aceptado','rechazado') DEFAULT 'pendiente',
  `fecha` datetime DEFAULT current_timestamp()
) ENGINE=InnoDB DEFAULT CHARSET=utf8mb4 COLLATE=utf8mb4_general_ci;

--
-- Volcado de datos para la tabla `intercambios`
--

INSERT INTO `intercambios` (`id`, `libro_id_1`, `libro_id_2`, `usuario_1`, `usuario_2`, `estado`, `fecha`) VALUES
(2, 2, 3, 3, 1, 'rechazado', '2025-07-24 02:13:08');

-- --------------------------------------------------------

--
-- Estructura de tabla para la tabla `libros`
--

CREATE TABLE `libros` (
  `id` int(11) NOT NULL,
  `titulo` varchar(255) DEFAULT NULL,
  `autor` varchar(255) DEFAULT NULL,
  `genero` varchar(100) DEFAULT NULL,
  `estado` enum('nuevo','usado') DEFAULT NULL,
  `descripcion` text DEFAULT NULL,
  `imagen` varchar(255) DEFAULT NULL,
  `usuario_id` int(11) DEFAULT NULL,
  `modo` enum('intercambio','venta') DEFAULT 'intercambio',
  `precio` decimal(10,2) DEFAULT NULL,
  `id_usuario` int(11) NOT NULL
) ENGINE=InnoDB DEFAULT CHARSET=utf8mb4 COLLATE=utf8mb4_general_ci;

--
-- Volcado de datos para la tabla `libros`
--

INSERT INTO `libros` (`id`, `titulo`, `autor`, `genero`, `estado`, `descripcion`, `imagen`, `usuario_id`, `modo`, `precio`, `id_usuario`) VALUES
(2, 'Cien a침os de soledads', 'Gabriel Garcia Marquez', 'Fantasia', 'nuevo', 'Una saga familiar m치gica en Macondo, mezcla realidad y fantas칤a.', 'cien.jpg', 3, 'intercambio', NULL, 0),
(3, 'El c칩digo Da Vinci', 'Dan Brown', 'Misterio y Thriller', 'usado', 'Un profesor descubre secretos ocultos en obras de arte que desaf칤an la historia.', 'oferta7.jpg', 1, 'intercambio', NULL, 0),
(4, 'El psicoanalista', 'Ricardo', 'Romance', 'nuevo', 'LIBRACO', 'cardadmin.jpg', 2, 'intercambio', NULL, 0),
(6, 'DUNE', 'Frank Herbert', 'Ciencia Ficci칩n', 'nuevo', '칄pica interestelar sobre poder, religi칩n y ecolog칤a en el des칠rtico planeta Arrakis.', '687eb9c590e03_crepusculo.jpg', 1, NULL, NULL, 0),
(7, '\"Sapiens: De animales a dioses\"', 'Yuval Noah Harari', 'No Ficci칩n', 'nuevo', 'Historia de la humanidad desde la evoluci칩n hasta la era digital.', 'viento.jpg', 1, 'venta', 222222.00, 0),
(8, 'Romeo y Julieta (Romeo and Juliet)', 'William Shakespeare', 'Tragedia rom치ntica / Drama', 'usado', 'Romeo y Julieta cuenta la historia de dos j칩venes enamorados pertenecientes a familias rivales en la ciudad de Verona: los Montesco (Romeo) y los Capuleto (Julieta). A pesar del odio entre sus familias', NULL, 1, NULL, NULL, 0),
(12, 'sasaas', 'asassa', 'assasa', 'nuevo', 'asas', 'default.jpg', NULL, 'intercambio', 0.00, 3),
(13, 'El guardi치n entre el centeno', 'J.D. Salinger', ' Novela literaria / Bildungsroman (novela de formaci칩n)', 'nuevo', 'La novela sigue a Holden Caulfield, un adolescente de 16 a침os expulsado de su escuela preparatoria, quien deambula por Nueva York durante tres d칤as despu칠s de huir del colegio. ', 'default.jpg', NULL, 'intercambio', 0.00, 3),
(14, 'Bajo la misma estrella', ' John Green', 'Romance', 'usado', 'Dos adolescentes con c치ncer se enamoran y buscan significado en su vida.', 'default.jpg', NULL, 'intercambio', 0.00, 3),
(15, 'Los Miserables', 'Victor Hugo', 'S치tira pol칤tica', 'nuevo', 'Los animales de una granja expulsan a los humanos y crean un sistema igualitario, pero los cerdos (l칤deres) corrompen el ideal revolucionario hasta replicar la tiran칤a anterior. Una cr칤tica feroz al totalitarismo sovi칠tico y a la manipulaci칩n del poder.', '6884776aae082_ficcion.jpg', NULL, 'intercambio', 0.00, 1),
(16, 'Los Miserables', 'Victor Hugo', 'S치tira pol칤tica', 'nuevo', 'Los animales de una granja expulsan a los humanos y crean un sistema igualitario, pero los cerdos (l칤deres) corrompen el ideal revolucionario hasta replicar la tiran칤a anterior. Una cr칤tica feroz al totalitarismo sovi칠tico y a la manipulaci칩n del poder.', '6884778759368_ficcion.jpg', NULL, 'intercambio', 0.00, 1),
(17, 'spppppppppp', 'pppppppppp', 'ppppppp', 'nuevo', 'ppppp', '688478b7005a7_687eb83e41abb_crepusculo.jpg', NULL, 'intercambio', 0.00, 1),
(20, 'spppppppppp', 'pppppppppp', 'ppppppp', 'nuevo', 'sasasa', '68847cf804bfc_6.jpg', NULL, 'intercambio', 0.00, 1);

-- --------------------------------------------------------

--
-- Estructura de tabla para la tabla `mensajes`
--

CREATE TABLE `mensajes` (
  `id` int(11) NOT NULL,
  `emisor_id` int(11) NOT NULL,
  `receptor_id` int(11) NOT NULL,
  `mensaje` text NOT NULL,
  `fecha_envio` datetime DEFAULT current_timestamp(),
  `leido` tinyint(1) DEFAULT 0
) ENGINE=InnoDB DEFAULT CHARSET=utf8mb4 COLLATE=utf8mb4_general_ci;

--
-- Volcado de datos para la tabla `mensajes`
--

INSERT INTO `mensajes` (`id`, `emisor_id`, `receptor_id`, `mensaje`, `fecha_envio`, `leido`) VALUES
(1, 1, 8, 'Hola como estas, quiero saber si todavia esta disponible tu libro???', '2025-07-25 22:10:16', 0),
(2, 8, 1, 'Si por supuesto que esta disponible.', '2025-07-25 22:11:11', 0),
(3, 1, 2, 'Holaaaaa!!!', '2025-07-25 22:39:10', 0),
(4, 1, 4, 'Toncessss', '2025-07-25 22:50:03', 0),
(5, 8, 1, 'Uyy', '2025-07-25 22:51:17', 0),
(6, 1, 8, 'Holaaaa', '2025-07-25 22:51:45', 0),
(7, 8, 6, 'a', '2025-07-25 22:58:19', 0);

-- --------------------------------------------------------

--
-- Estructura de tabla para la tabla `notificaciones`
--

CREATE TABLE `notificaciones` (
  `id` int(11) NOT NULL,
  `usuario_id` int(11) NOT NULL,
  `mensaje` varchar(255) NOT NULL,
  `link` varchar(255) DEFAULT NULL,
  `tipo` varchar(50) DEFAULT 'info',
  `fecha` datetime DEFAULT current_timestamp()
) ENGINE=InnoDB DEFAULT CHARSET=utf8mb4 COLLATE=utf8mb4_general_ci;

--
-- Volcado de datos para la tabla `notificaciones`
--

INSERT INTO `notificaciones` (`id`, `usuario_id`, `mensaje`, `link`, `tipo`, `fecha`) VALUES
(1, 3, '游닀 춰Tu libro recibi칩 una nueva rese침a!', 'index.php?c=ResenaController&a=ver&id=2', 'rese침a', '2025-07-25 20:47:57');

-- --------------------------------------------------------

--
-- Estructura de tabla para la tabla `resenas`
--

CREATE TABLE `resenas` (
  `id` int(11) NOT NULL,
  `libro_id` int(11) DEFAULT NULL,
  `usuario_id` int(11) DEFAULT NULL,
  `calificacion` int(11) DEFAULT NULL CHECK (`calificacion` between 1 and 5),
  `comentario` text DEFAULT NULL,
  `fecha` datetime DEFAULT current_timestamp()
) ENGINE=InnoDB DEFAULT CHARSET=utf8mb4 COLLATE=utf8mb4_general_ci;

--
-- Volcado de datos para la tabla `resenas`
--

INSERT INTO `resenas` (`id`, `libro_id`, `usuario_id`, `calificacion`, `comentario`, `fecha`) VALUES
(1, 2, 1, 5, 'Muy buen libraco', '2025-07-24 15:49:09'),
(2, 4, 1, 1, 'ss', '2025-07-24 16:42:14'),
(3, 3, 8, 5, 'Muy buen libro, interesante.', '2025-07-25 19:25:46'),
(4, 4, 8, 5, 'Libro tan gueno mano', '2025-07-25 20:40:19'),
(5, 2, 8, 3, 'Libro bueno', '2025-07-25 20:47:57');

-- --------------------------------------------------------

--
-- Estructura de tabla para la tabla `usuarios`
--

CREATE TABLE `usuarios` (
  `id` int(11) NOT NULL,
  `nombre` varchar(100) NOT NULL,
  `email` varchar(100) NOT NULL,
  `password` varchar(255) NOT NULL,
  `rol` enum('usuario','admin') DEFAULT 'usuario',
  `foto` varchar(255) DEFAULT NULL,
  `bio` text DEFAULT NULL,
  `token_recuperacion` varchar(255) DEFAULT NULL,
  `token_expira` datetime DEFAULT NULL
) ENGINE=InnoDB DEFAULT CHARSET=utf8mb4 COLLATE=utf8mb4_general_ci;

--
-- Volcado de datos para la tabla `usuarios`
--

INSERT INTO `usuarios` (`id`, `nombre`, `email`, `password`, `rol`, `foto`, `bio`, `token_recuperacion`, `token_expira`) VALUES
(1, 'Angel', 'angelvanegas944@gmail.com', '$2y$10$a89XEhF.pngwvfbfaquaXufwRCURa7/iQu00HkTSv9XSMro8dhzXa', 'usuario', NULL, NULL, '58dbc9961b39835b640f989d838d4407e395edd721cf891fd8be39a32c7113f4', '2025-07-25 12:03:02'),
(2, 'Ana', 'aelixabeth201@gmail.com', '$2y$10$jxv1n/Z0gK3nuacmUrrje.U107zmdguQOX.902IvsMeafWqdyd8aK', 'usuario', NULL, '', NULL, NULL),
(3, 'Jair', 'jair@gmail.com', '$2y$10$a4k0KvfdkJqDuRTKTB473erMg8Utd5js0EmCuzzB4mlNPy348.hwe', 'admin', NULL, NULL, NULL, NULL),
(4, 'cristian', 'giovannyv292@gmail.com', '$2y$10$B9E8UKgSV5Z4aoDXh3AJN.TrdIVuyCWwfaXjpGZjemF9gUzgZVpTG', 'usuario', NULL, NULL, NULL, NULL),
(6, 'prueba, Angel 2', 'a@gmail.com', '$2y$10$Je9oSR1kFa.2vPN3xL3Sreuw919ovXhN3s/Gh4PE2kc82/FZMoL1i', 'usuario', NULL, '', NULL, NULL),
(8, 'Prueba, Angel', 'aa@gmail.com', '$2y$10$K8BHH802dqVSkaBF3Yk08.moYPD7V2ykS8vVd3jLNv9fPfyj7n416', 'usuario', NULL, '', NULL, NULL),
(10, 'Ana Ducuara', 'ana@gmail.com', '$2y$10$yKHGyHJ3zO5MHpLpwgij2OJqP8YdPtqk4wfhCMEwdqy6/6t4Uq.oa', 'usuario', NULL, NULL, NULL, NULL);

-- --------------------------------------------------------

--
-- Estructura de tabla para la tabla `venta_libros`
--

CREATE TABLE `venta_libros` (
  `id` int(11) NOT NULL,
  `titulo` varchar(50) DEFAULT NULL,
  `autor` varchar(50) DEFAULT NULL,
  `precio` decimal(10,2) DEFAULT NULL,
  `sinopsis` varchar(200) DEFAULT NULL,
  `descripcion` varchar(255) DEFAULT NULL,
  `stock` int(11) DEFAULT NULL,
  `genero` varchar(50) DEFAULT NULL,
  `imagen` varchar(250) DEFAULT NULL
) ENGINE=InnoDB DEFAULT CHARSET=utf8mb4 COLLATE=utf8mb4_general_ci;

--
-- Volcado de datos para la tabla `venta_libros`
--

INSERT INTO `venta_libros` (`id`, `titulo`, `autor`, `precio`, `sinopsis`, `descripcion`, `stock`, `genero`, `imagen`) VALUES
(1, 'Cien a침os de soledad', 'Gabriel Garc칤a M치rquez', 28500.00, 'dxawxqoidxjwjx', 'dqwgawudgwuq', 3, '0', '../public/img/688a23ee9beba_100.jpeg');

--
-- 칈ndices para tablas volcadas
--

--
-- Indices de la tabla `carrito`
--
ALTER TABLE `carrito`
  ADD PRIMARY KEY (`id`),
  ADD KEY `usuario_id` (`usuario_id`),
  ADD KEY `libro_id` (`libro_id`);

--
-- Indices de la tabla `categorias`
--
ALTER TABLE `categorias`
  ADD PRIMARY KEY (`id`);

--
-- Indices de la tabla `comentarios_evento`
--
ALTER TABLE `comentarios_evento`
  ADD PRIMARY KEY (`id`),
  ADD KEY `id_evento` (`id_evento`),
  ADD KEY `id_usuario` (`id_usuario`);

--
-- Indices de la tabla `compras`
--
ALTER TABLE `compras`
  ADD PRIMARY KEY (`id`),
  ADD KEY `usuario_id` (`usuario_id`),
  ADD KEY `libro_id` (`libro_id`);

--
-- Indices de la tabla `eventos`
--
ALTER TABLE `eventos`
  ADD PRIMARY KEY (`id`);

--
-- Indices de la tabla `intercambios`
--
ALTER TABLE `intercambios`
  ADD PRIMARY KEY (`id`),
  ADD KEY `libro_id_1` (`libro_id_1`),
  ADD KEY `libro_id_2` (`libro_id_2`),
  ADD KEY `usuario_1` (`usuario_1`),
  ADD KEY `usuario_2` (`usuario_2`);

--
-- Indices de la tabla `libros`
--
ALTER TABLE `libros`
  ADD PRIMARY KEY (`id`),
  ADD KEY `usuario_id` (`usuario_id`);

--
-- Indices de la tabla `mensajes`
--
ALTER TABLE `mensajes`
  ADD PRIMARY KEY (`id`);

--
-- Indices de la tabla `notificaciones`
--
ALTER TABLE `notificaciones`
  ADD PRIMARY KEY (`id`),
  ADD KEY `usuario_id` (`usuario_id`);

--
-- Indices de la tabla `resenas`
--
ALTER TABLE `resenas`
  ADD PRIMARY KEY (`id`),
  ADD KEY `libro_id` (`libro_id`),
  ADD KEY `usuario_id` (`usuario_id`);

--
-- Indices de la tabla `usuarios`
--
ALTER TABLE `usuarios`
  ADD PRIMARY KEY (`id`),
  ADD UNIQUE KEY `email` (`email`);

--
-- Indices de la tabla `venta_libros`
--
ALTER TABLE `venta_libros`
  ADD PRIMARY KEY (`id`);

--
-- AUTO_INCREMENT de las tablas volcadas
--

--
-- AUTO_INCREMENT de la tabla `carrito`
--
ALTER TABLE `carrito`
  MODIFY `id` int(11) NOT NULL AUTO_INCREMENT, AUTO_INCREMENT=8;

--
-- AUTO_INCREMENT de la tabla `categorias`
--
ALTER TABLE `categorias`
  MODIFY `id` int(11) NOT NULL AUTO_INCREMENT;

--
-- AUTO_INCREMENT de la tabla `comentarios_evento`
--
ALTER TABLE `comentarios_evento`
  MODIFY `id` int(11) NOT NULL AUTO_INCREMENT, AUTO_INCREMENT=4;

--
-- AUTO_INCREMENT de la tabla `compras`
--
ALTER TABLE `compras`
  MODIFY `id` int(11) NOT NULL AUTO_INCREMENT, AUTO_INCREMENT=4;

--
-- AUTO_INCREMENT de la tabla `eventos`
--
ALTER TABLE `eventos`
  MODIFY `id` int(11) NOT NULL AUTO_INCREMENT, AUTO_INCREMENT=4;

--
-- AUTO_INCREMENT de la tabla `intercambios`
--
ALTER TABLE `intercambios`
  MODIFY `id` int(11) NOT NULL AUTO_INCREMENT, AUTO_INCREMENT=3;

--
-- AUTO_INCREMENT de la tabla `libros`
--
ALTER TABLE `libros`
  MODIFY `id` int(11) NOT NULL AUTO_INCREMENT, AUTO_INCREMENT=22;

--
-- AUTO_INCREMENT de la tabla `mensajes`
--
ALTER TABLE `mensajes`
  MODIFY `id` int(11) NOT NULL AUTO_INCREMENT, AUTO_INCREMENT=8;

--
-- AUTO_INCREMENT de la tabla `notificaciones`
--
ALTER TABLE `notificaciones`
  MODIFY `id` int(11) NOT NULL AUTO_INCREMENT, AUTO_INCREMENT=2;

--
-- AUTO_INCREMENT de la tabla `resenas`
--
ALTER TABLE `resenas`
  MODIFY `id` int(11) NOT NULL AUTO_INCREMENT, AUTO_INCREMENT=6;

--
-- AUTO_INCREMENT de la tabla `usuarios`
--
ALTER TABLE `usuarios`
  MODIFY `id` int(11) NOT NULL AUTO_INCREMENT, AUTO_INCREMENT=11;

--
-- AUTO_INCREMENT de la tabla `venta_libros`
--
ALTER TABLE `venta_libros`
  MODIFY `id` int(11) NOT NULL AUTO_INCREMENT, AUTO_INCREMENT=2;

--
-- Restricciones para tablas volcadas
--

--
-- Filtros para la tabla `carrito`
--
ALTER TABLE `carrito`
  ADD CONSTRAINT `carrito_ibfk_1` FOREIGN KEY (`usuario_id`) REFERENCES `usuarios` (`id`),
  ADD CONSTRAINT `carrito_ibfk_2` FOREIGN KEY (`libro_id`) REFERENCES `libros` (`id`);

--
-- Filtros para la tabla `comentarios_evento`
--
ALTER TABLE `comentarios_evento`
  ADD CONSTRAINT `comentarios_evento_ibfk_1` FOREIGN KEY (`id_evento`) REFERENCES `eventos` (`id`),
  ADD CONSTRAINT `comentarios_evento_ibfk_2` FOREIGN KEY (`id_usuario`) REFERENCES `usuarios` (`id`);

--
-- Filtros para la tabla `compras`
--
ALTER TABLE `compras`
  ADD CONSTRAINT `compras_ibfk_1` FOREIGN KEY (`usuario_id`) REFERENCES `usuarios` (`id`),
  ADD CONSTRAINT `compras_ibfk_2` FOREIGN KEY (`libro_id`) REFERENCES `libros` (`id`);

--
-- Filtros para la tabla `intercambios`
--
ALTER TABLE `intercambios`
  ADD CONSTRAINT `intercambios_ibfk_1` FOREIGN KEY (`libro_id_1`) REFERENCES `libros` (`id`),
  ADD CONSTRAINT `intercambios_ibfk_2` FOREIGN KEY (`libro_id_2`) REFERENCES `libros` (`id`),
  ADD CONSTRAINT `intercambios_ibfk_3` FOREIGN KEY (`usuario_1`) REFERENCES `usuarios` (`id`),
  ADD CONSTRAINT `intercambios_ibfk_4` FOREIGN KEY (`usuario_2`) REFERENCES `usuarios` (`id`);

--
-- Filtros para la tabla `libros`
--
ALTER TABLE `libros`
  ADD CONSTRAINT `libros_ibfk_1` FOREIGN KEY (`usuario_id`) REFERENCES `usuarios` (`id`);

--
-- Filtros para la tabla `notificaciones`
--
ALTER TABLE `notificaciones`
  ADD CONSTRAINT `notificaciones_ibfk_1` FOREIGN KEY (`usuario_id`) REFERENCES `usuarios` (`id`) ON DELETE CASCADE;

--
-- Filtros para la tabla `resenas`
--
ALTER TABLE `resenas`
  ADD CONSTRAINT `resenas_ibfk_1` FOREIGN KEY (`libro_id`) REFERENCES `libros` (`id`),
  ADD CONSTRAINT `resenas_ibfk_2` FOREIGN KEY (`usuario_id`) REFERENCES `usuarios` (`id`);
COMMIT;

/*!40101 SET CHARACTER_SET_CLIENT=@OLD_CHARACTER_SET_CLIENT */;
/*!40101 SET CHARACTER_SET_RESULTS=@OLD_CHARACTER_SET_RESULTS */;
/*!40101 SET COLLATION_CONNECTION=@OLD_COLLATION_CONNECTION */;
